date,China,South Korea,Iran,Russia,India,Other Asian countries,Italy,Germany,France,Spain,Belgium,Netherlands,United Kingdom,Switzerland,Turkey,Other European countries,US,Canada,Mexico,Other North-American countries,Brazil,Peru,Colombia,Chile,Other South-American countries,Africa,Australia & Oceania
2020-01-29,791.2857142857143,0.42857142857142855,0,0,0,5.714285714285714,0,0.5714285714285714,0.7142857142857143,0,0,0,0,0,0,0.14285714285714285,0.5714285714285714,0.2857142857142857,0,0,0,0,0,0,0,0,0.8571428571428571
2020-01-30,1071.142857142857,0.42857142857142855,0,0,0.14285714285714285,6.428571428571429,0,0.5714285714285714,0.7142857142857143,0,0,0,0,0,0,0.14285714285714285,0.5714285714285714,0.2857142857142857,0,0,0,0,0,0,0,0,1.2857142857142858
2020-01-31,1268.857142857143,1.2857142857142858,0,0.2857142857142857,0.14285714285714285,7.571428571428571,0.2857142857142857,0.7142857142857143,0.42857142857142855,0,0,0,0.2857142857142857,0,0,0.2857142857142857,0.7142857142857143,0.5714285714285714,0,0,0,0,0,0,0,0,1.2857142857142858
2020-02-01,1497.857142857143,1.4285714285714286,0,0.2857142857142857,0.14285714285714285,8.428571428571429,0.2857142857142857,1.1428571428571428,0.42857142857142855,0.14285714285714285,0,0,0.2857142857142857,0,0,0.2857142857142857,0.8571428571428571,0.5714285714285714,0,0,0,0,0,0,0,0,1.7142857142857142
2020-02-02,2079.285714285714,1.7142857142857142,0,0.2857142857142857,0.2857142857142857,8.285714285714286,0.2857142857142857,1.4285714285714286,0.42857142857142855,0.14285714285714285,0,0,0.2857142857142857,0,0,0.2857142857142857,0.42857142857142855,0.42857142857142855,0,0,0,0,0,0,0,0,1.1428571428571428
2020-02-03,2405.5714285714284,1.5714285714285714,0,0.2857142857142857,0.42857142857142855,8.142857142857142,0.2857142857142857,1.5714285714285714,0.42857142857142855,0.14285714285714285,0,0,1.1428571428571428,0,0,0.2857142857142857,0.8571428571428571,0.42857142857142855,0,0,0,0,0,0,0,0,1
2020-02-04,2599.714285714286,1.7142857142857142,0,0.2857142857142857,0.42857142857142855,8.857142857142858,0.2857142857142857,1.1428571428571428,0.2857142857142857,0.14285714285714285,0.14285714285714285,0,1.1428571428571428,0,0,0.2857142857142857,0.8571428571428571,0.2857142857142857,0,0,0,0,0,0,0,0,1.1428571428571428
2020-02-05,3050.4285714285716,2.142857142857143,0,0.2857142857142857,0.42857142857142855,8.857142857142858,0.2857142857142857,1.1428571428571428,0.14285714285714285,0.14285714285714285,0.14285714285714285,0,1.2857142857142858,0,0,0.14285714285714285,0.8571428571428571,0.42857142857142855,0,0,0,0,0,0,0,0,1
2020-02-06,3206.5714285714284,2.7142857142857144,0,0.2857142857142857,0.2857142857142857,7.857142857142857,0.2857142857142857,1.1428571428571428,0.14285714285714285,0.14285714285714285,0.14285714285714285,0,1.2857142857142858,0,0,0.14285714285714285,0.8571428571428571,0.42857142857142855,0,0,0,0,0,0,0,0,0.7142857142857143
2020-02-07,3472.5714285714284,1.8571428571428572,0,0,0.2857142857142857,6.571428571428571,0.14285714285714285,1.1428571428571428,0.14285714285714285,0.14285714285714285,0.14285714285714285,0,1,0,0,0,0.5714285714285714,0.42857142857142855,0,0,0,0,0,0,0,0,0.8571428571428571
2020-02-08,3560.4285714285716,1.7142857142857142,0,0,0.2857142857142857,7.714285714285714,0.14285714285714285,0.7142857142857143,0.7142857142857143,0,0.14285714285714285,0,1.5714285714285714,0,0,0,0.42857142857142855,0.42857142857142855,0,0,0,0,0,0,0,0,0.42857142857142855
2020-02-09,3314.1428571428573,1.4285714285714286,0,0,0.14285714285714285,8.142857142857142,0.14285714285714285,0.5714285714285714,0.7142857142857143,0.14285714285714285,0.14285714285714285,0,1.7142857142857142,0,0,0,0.42857142857142855,0.42857142857142855,0,0,0,0,0,0,0,0,0.42857142857142855
2020-02-10,3234,1.7142857142857142,0,0,0,9.428571428571429,0.14285714285714285,0.2857142857142857,0.7142857142857143,0.14285714285714285,0.14285714285714285,0,0.8571428571428571,0,0,0,0,0.42857142857142855,0,0,0,0,0,0,0,0,0.42857142857142855
2020-02-11,2954.1428571428573,1.7142857142857142,0,0,0,7.857142857142857,0.14285714285714285,0.5714285714285714,0.7142857142857143,0.14285714285714285,0,0,1,0,0,0,0.14285714285714285,0.42857142857142855,0,0,0,0,0,0,0,0,0.2857142857142857
2020-02-12,2474.1428571428573,1.2857142857142858,0,0,0,7.428571428571429,0.14285714285714285,0.5714285714285714,0.7142857142857143,0.14285714285714285,0,0,1,0,0,0,0.14285714285714285,0.2857142857142857,0,0,0,0,0,0,0,0,0.2857142857142857
2020-02-13,4186.857142857143,0.7142857142857143,0,0,0,9.285714285714286,0.14285714285714285,0.5714285714285714,0.7142857142857143,0.14285714285714285,0,0,1.1428571428571428,0,0,0,0.2857142857142857,0.2857142857142857,0,0,0,0,0,0,0,0,0.14285714285714285
2020-02-14,4606.857142857143,0.5714285714285714,0,0,0,11.571428571428571,0,0.42857142857142855,0.7142857142857143,0.14285714285714285,0,0,1.2857142857142858,0,0,0,0.2857142857142857,0,0,0,0,0,0,0,0,0.14285714285714285,0
2020-02-15,4514.142857142857,0.5714285714285714,0,0,0,11.428571428571429,0,0.42857142857142855,0.14285714285714285,0.14285714285714285,0,0,0.7142857142857143,0,0,0,0.2857142857142857,0,0,0,0,0,0,0,0,0.14285714285714285,0
2020-02-16,4383.428571428572,0.5714285714285714,0,0,0,12,0,0.2857142857142857,0.14285714285714285,0,0,0,0.5714285714285714,0,0,0,0.2857142857142857,0,0,0,0,0,0,0,0,0.14285714285714285,0
2020-02-17,4297.142857142857,0.42857142857142855,0,0,0,11.857142857142858,0,0.2857142857142857,0.14285714285714285,0,0,0,0.7142857142857143,0,0,0,0.2857142857142857,0.14285714285714285,0,0,0,0,0,0,0,0.14285714285714285,0
2020-02-18,4260.714285714285,0.42857142857142855,0,0,0,13.428571428571429,0,0,0.14285714285714285,0,0,0,0.5714285714285714,0,0,0,0.14285714285714285,0.14285714285714285,0,0,0,0,0,0,0,0.14285714285714285,0
2020-02-19,4265.714285714285,0.42857142857142855,0.2857142857142857,0,0,14.142857142857142,0,0,0.14285714285714285,0,0,0,0.5714285714285714,0,0,0,0.14285714285714285,0.14285714285714285,0,0,0,0,0,0,0,0.14285714285714285,0
2020-02-20,2168.8571428571427,10.857142857142858,0.7142857142857143,0,0,13.428571428571429,0,0,0.14285714285714285,0,0,0,0.7142857142857143,0,0,0,0,0.14285714285714285,0,0,0,0,0,0,0,0.14285714285714285,0
2020-02-21,1313.142857142857,25.142857142857142,2.5714285714285716,0,0,13.571428571428571,2.4285714285714284,0,0.14285714285714285,0,0,0,0.7142857142857143,0,0,0,0.2857142857142857,0.2857142857142857,0,0,0,0,0,0,0,0,0
2020-02-22,1226.857142857143,57.857142857142854,4,0,0,15,8.428571428571429,0,0,0,0,0,0.7142857142857143,0,0,0,0.2857142857142857,0.2857142857142857,0,0,0,0,0,0,0,0,0
2020-02-23,929.8571428571429,81.85714285714286,6.142857142857143,0,0,15.714285714285714,21.714285714285715,0,0,0,0,0,1.4285714285714286,0,0,0,0.2857142857142857,0.2857142857142857,0,0,0,0,0,0.2857142857142857,0,0,0
2020-02-24,686.7142857142857,114.71428571428571,8.714285714285714,0,0,16.714285714285715,32.285714285714285,0,0,0,0,0,1.5714285714285714,0,0,0,0.2857142857142857,0.2857142857142857,0,0,0,0,0,0.2857142857142857,0,0,0
2020-02-25,506.14285714285717,135.14285714285714,13.571428571428571,0,0,21.714285714285715,45.57142857142857,0.14285714285714285,0.2857142857142857,0.5714285714285714,0,0,2.142857142857143,0.14285714285714285,0,0.42857142857142855,0.2857142857142857,0.42857142857142855,0,0,0,0,0,0.2857142857142857,0,0.14285714285714285,0
2020-02-26,506.7142857142857,175.71428571428572,19.571428571428573,0,0,28.714285714285715,64.28571428571429,1.5714285714285714,0.8571428571428571,1.5714285714285714,0,0,2.4285714285714284,0.14285714285714285,0,1.4285714285714286,0.2857142857142857,0.42857142857142855,0,0,0.14285714285714285,0,0,0.2857142857142857,0,0.14285714285714285,0
2020-02-27,503.2857142857143,237.42857142857142,34.285714285714285,0,0,34,93.14285714285714,4.285714285714286,3.7142857142857144,1.8571428571428572,0,0.14285714285714285,3.142857142857143,1.1428571428571428,0,3,0.42857142857142855,0.7142857142857143,0,0,0.14285714285714285,0,0,0.2857142857142857,0,0.14285714285714285,0
2020-02-28,482.57142857142856,304.7142857142857,52.857142857142854,0,0,35.857142857142854,124,4.571428571428571,6.428571428571429,4.285714285714286,0,0.14285714285714285,4.714285714285714,1.1428571428571428,0,4.857142857142857,0.14285714285714285,0.7142857142857143,0.14285714285714285,0,0.14285714285714285,0,0,0.2857142857142857,0,0.2857142857142857,0.14285714285714285
2020-02-29,336.42857142857144,388.14285714285717,80.71428571428571,0,0,37.714285714285715,152.28571428571428,9,12.571428571428571,6.142857142857143,0,0.8571428571428571,5.428571428571429,2.5714285714285716,0,8.714285714285714,1.2857142857142858,1.5714285714285714,0.5714285714285714,0,0.2857142857142857,0,0,0.2857142857142857,0,0.2857142857142857,1.5714285714285714
2020-03-01,415.7142857142857,447.7142857142857,133.57142857142858,0,0,42.714285714285715,219.85714285714286,16.285714285714285,16.857142857142858,11.714285714285714,0.14285714285714285,1.4285714285714286,9.428571428571429,3.857142857142857,0,12.142857142857142,2.142857142857143,2.142857142857143,0.7142857142857143,0.14285714285714285,0.2857142857142857,0,0,1,0.8571428571428571,0.42857142857142855,1.8571428571428572
2020-03-02,413.57142857142856,500.2857142857143,205.71428571428572,0.14285714285714285,0.2857142857142857,47.285714285714285,258.14285714285717,20.428571428571427,25.571428571428573,16.857142857142858,1,2.5714285714285716,14.857142857142858,6,0,15.714285714285714,5.428571428571429,2.4285714285714284,0.7142857142857143,0.14285714285714285,0.2857142857142857,0,0,1,0.8571428571428571,1,2.2857142857142856
2020-03-03,358.14285714285717,601.2857142857143,320.14285714285717,0.14285714285714285,0.2857142857142857,47.714285714285715,311.42857142857144,25.571428571428573,27.142857142857142,22.714285714285715,1.7142857142857142,3.4285714285714284,22.142857142857142,7.857142857142857,0,19.857142857142858,8.285714285714286,2.7142857142857144,0.7142857142857143,0.14285714285714285,0.2857142857142857,0,0,1.1428571428571428,1.1428571428571428,1.2857142857142858,3.5714285714285716
2020-03-04,317.14285714285717,622.8571428571429,397.57142857142856,0.14285714285714285,3.5714285714285716,48.285714285714285,376.57142857142856,33.57142857142857,38.57142857142857,29.857142857142858,3.142857142857143,5.428571428571429,29.857142857142858,12.714285714285714,0,32.42857142857143,12.714285714285714,3.142857142857143,0.7142857142857143,0.14285714285714285,0.42857142857142855,0,0,1.1428571428571428,1.5714285714285714,2.7142857142857144,5.714285714285714
2020-03-05,276.7142857142857,617.4285714285714,466.85714285714283,0.2857142857142857,3.857142857142857,51.285714285714285,457.57142857142856,62.285714285714285,48.857142857142854,34.857142857142854,7,11.571428571428571,35.857142857142854,15.142857142857142,0,53.285714285714285,22.571428571428573,3.4285714285714284,0.7142857142857143,0.14285714285714285,0.42857142857142855,0,0,1.5714285714285714,2,3.142857142857143,6.142857142857143
2020-03-06,251.71428571428572,608,622.7142857142857,1.5714285714285714,4,66.57142857142857,535.4285714285714,88.85714285714286,85.57142857142857,52.57142857142857,15.428571428571429,18.142857142857142,45.42857142857143,29.428571428571427,0,69.71428571428571,29.428571428571427,5,0.7142857142857143,0.42857142857142855,1.7142857142857142,0.14285714285714285,0.14285714285714285,1.5714285714285714,2.142857142857143,5.714285714285714,6.857142857142857
2020-03-07,202,555.8571428571429,747.1428571428571,1.5714285714285714,4.428571428571429,80,679.2857142857143,102.85714285714286,122.71428571428571,65,24,26,52.57142857142857,35.714285714285715,0,87,44.714285714285715,4.857142857142857,0.2857142857142857,0.42857142857142855,1.5714285714285714,0.14285714285714285,0.14285714285714285,1.5714285714285714,3,5.714285714285714,6
2020-03-08,127.28571428571429,511.14285714285717,798.2857142857143,2.142857142857143,5.142857142857143,92.57142857142857,811.5714285714286,130,143.71428571428572,84.14285714285714,28.285714285714285,36.42857142857143,55.57142857142857,44.285714285714285,0,114,60.142857142857146,5.714285714285714,0.2857142857142857,1.2857142857142858,2.5714285714285716,0.8571428571428571,0.14285714285714285,1.5714285714285714,3,11.285714285714286,7.571428571428571
2020-03-09,103.42857142857143,449,808.5714285714286,2,5.428571428571429,99.71428571428571,1019.4285714285714,145.28571428571428,146.85714285714286,136.14285714285714,33,43.285714285714285,70.85714285714286,47.42857142857143,0,137.28571428571428,66.57142857142857,7.142857142857143,0.2857142857142857,1.8571428571428572,3.2857142857142856,1,0.14285714285714285,1.5714285714285714,3.142857142857143,11.857142857142858,9.285714285714286
2020-03-10,89.42857142857143,332.42857142857144,815.1428571428571,2.4285714285714284,7.285714285714286,122,1092.4285714285713,180.14285714285714,227.14285714285714,218.57142857142858,36.285714285714285,51.142857142857146,100,62.142857142857146,0,229.28571428571428,91.14285714285714,7,0.2857142857142857,2,4.142857142857143,1.5714285714285714,0.42857142857142855,2.142857142857143,3.5714285714285716,13.285714285714286,10.285714285714286
2020-03-11,76.42857142857143,304.85714285714283,868.2857142857143,2.4285714285714284,4.857142857142857,185.42857142857142,1339,235.14285714285714,286.42857142857144,293.57142857142856,41.57142857142857,66.42857142857143,150.71428571428572,80.28571428571429,0.14285714285714285,332.14285714285717,143.57142857142858,10.714285714285714,0.42857142857142855,4,4.857142857142857,1.5714285714285714,1.2857142857142858,3.5714285714285716,4.571428571428571,13.714285714285714,11.142857142857142
2020-03-12,56.22857142857143,250.94285714285715,918.9428571428572,3.7142857142857144,5.714285714285714,209.28,1526.1714285714286,304.6857142857143,352.6,457.14285714285717,51.714285714285715,77.45714285714286,199.0857142857143,104.68571428571428,0.37142857142857144,444.48,193.45714285714286,15,1.457142857142857,6.577142857142857,11.314285714285715,2.542857142857143,1.5142857142857142,4.285714285714286,5.337142857142857,16.994285714285713,15.24
2020-03-13,36.08571428571429,194.8,911.5142857142857,4.214285714285714,7,232,1786.3142857142857,404.04285714285714,412.31428571428575,648.0714285714286,60.785714285714285,92.52857142857142,257.01428571428573,125.18571428571428,0.6571428571428571,597.7142857142858,261.45714285714286,19.357142857142858,2.6,9.571428571428571,18.1,3.6142857142857143,1.6571428571428573,5.714285714285714,6.714285714285714,19,20.142857142857142
2020-03-14,29.228571428571428,146.0857142857143,952.8,6.214285714285714,9.428571428571429,267.14285714285717,2107.7428571428572,515.6142857142858,485.45714285714286,799.3571428571429,70.78571428571429,106.24285714285715,301.15714285714284,148.9,0.6571428571428571,714.5714285714286,346.8857142857143,19.357142857142858,4.742857142857143,12.571428571428571,18.1,5.042857142857143,2.942857142857143,10.428571428571429,9.857142857142858,30,26.857142857142858
2020-03-15,25.37142857142857,117.94285714285715,1019.3714285714286,6.214285714285714,10.285714285714286,337.8571428571429,2407.457142857143,654.0428571428572,465.31428571428575,975.6428571428571,94.5,120.38571428571429,356.72857142857146,259.1857142857143,0.8,816.5714285714286,344.6,25.642857142857142,6.314285714285714,13.285714285714286,18.67142857142857,5.042857142857143,4.6571428571428575,11.285714285714286,12.428571428571429,32.714285714285715,32
2020-03-16,24.37142857142857,105.08571428571429,1084.8,10.071428571428571,10.571428571428571,391.42857142857144,2612.6,845.6142857142858,760.7428571428571,1224.7857142857142,113.5,152.1,423.5857142857143,253.9,2.5142857142857142,916.4285714285714,533.7428571428571,47.07142857142857,10.457142857142857,16.285714285714285,23.385714285714286,11.042857142857143,7.942857142857143,22.857142857142858,19.857142857142858,44,41.285714285714285
2020-03-17,24.085714285714285,112.08571428571429,1127.2285714285715,13.071428571428571,12,451.57142857142856,2976.7428571428572,1089.0428571428572,826.0285714285715,1393.9285714285713,135.92857142857142,185.52857142857144,496.5857142857143,308.6142857142857,6.6571428571428575,1017.2857142857143,760.7428571428571,55.785714285714285,12.028571428571428,22,39.81428571428572,14.9,10.228571428571428,28.714285714285715,29.857142857142858,53.57142857142857,50.285714285714285
2020-03-18,25.514285714285716,90.8,1160.6571428571428,17.785714285714285,13.142857142857142,478.14285714285717,3247.3142857142857,1463.1857142857143,956.0285714285715,1619.642857142857,163.92857142857142,217.81428571428572,581.3,332.4714285714286,13.8,1067.7142857142858,1100.4571428571428,77.21428571428571,15.457142857142857,24.285714285714285,46.1,18.9,13.228571428571428,32.57142857142857,42.857142857142854,68.28571428571429,65
2020-03-19,31.857142857142858,99.71428571428571,1175,23.785714285714285,17.428571428571427,566.2914285714286,3710.5714285714284,1789.7857142857142,1140.4285714285713,2029.7857142857142,194.07142857142858,258.92857142857144,678.2142857142857,454.2142857142857,27,1259.0914285714287,1789.142857142857,92.78571428571429,21,32.28,75.21428571428571,30.642857142857142,13.857142857142858,31.428571428571427,60.09142857142857,89.86285714285714,77.90285714285714
2020-03-20,43.57142857142857,96.14285714285714,1182.857142857143,29.714285714285715,23.142857142857142,651.5714285714286,4194.428571428572,2310.4285714285716,1296.7142857142858,2168.285714285714,242.57142857142858,313.85714285714283,788.7142857142857,593.5714285714286,50.57142857142857,1400,2474.5714285714284,107.14285714285714,25.285714285714285,44.57142857142857,91.71428571428571,29.428571428571427,20.714285714285715,58,90.42857142857143,112,89.57142857142857
2020-03-21,46.857142857142854,101.85714285714286,1125.857142857143,35.285714285714285,32.57142857142857,731.2857142857143,4631.571428571428,2518.285714285714,1423.857142857143,2711.8571428571427,303.7142857142857,382.57142857142856,910.2857142857143,745.1428571428571,95,1591.5714285714287,3279.285714285714,154.14285714285714,30,62.42857142857143,124.28571428571429,40,24.857142857142858,72,125.14285714285714,129.28571428571428,124.14285714285714
2020-03-22,61.714285714285715,114.14285714285714,1100,43.42857142857143,40.42857142857143,813.1428571428571,4913,2725.4285714285716,1673,2995.714285714286,359.2857142857143,439.85714285714283,1045.4285714285713,753.4285714285714,175.71428571428572,1876.7142857142858,4399,173.85714285714286,37.57142857142857,96.57142857142857,197.71428571428572,45.714285714285715,28.142857142857142,83.71428571428571,184.14285714285714,158.71428571428572,192.71428571428572
2020-03-23,66.42857142857143,103.57142857142857,1151.142857142857,49.714285714285715,54.285714285714285,914.7142857142857,5135.285714285715,3112,1920,3599.1428571428573,383.57142857142856,478.2857142857143,1293.142857142857,942.1428571428571,215.85714285714286,2178.285714285714,5641.428571428572,239,40.714285714285715,110.28571428571429,246.28571428571428,44.142857142857146,31.428571428571427,88.42857142857143,211.28571428571428,199.14285714285714,200.42857142857142
2020-03-24,76.14285714285714,102.42857142857143,1234.5714285714287,54.42857142857143,56.285714285714285,1022.4285714285714,5381.428571428572,3389.8571428571427,2129.5714285714284,4019.5714285714284,432.2857142857143,552.7142857142857,1523.4285714285713,1025.2857142857142,260.7142857142857,2456.1428571428573,6853,330.2857142857143,44.57142857142857,119,275.14285714285717,42.714285714285715,43.285714285714285,107,232.14285714285714,242.57142857142858,248.57142857142858
2020-03-25,79.85714285714286,103.42857142857143,1379.4285714285713,73,71.57142857142857,1255.7142857142858,5524.714285714285,3570.8571428571427,2353.714285714286,5086.428571428572,493,625.7142857142857,1768,1124.142857142857,333.57142857142856,2771,8162.571428571428,370.57142857142856,51,148.71428571428572,311.7142857142857,47.857142857142854,52.57142857142857,133.14285714285714,238.14285714285714,299.7142857142857,283.85714285714283
2020-03-26,89.42857142857143,96.57142857142857,1571.2857142857142,91.57142857142857,76.14285714285714,1364,5650.571428571428,4088.285714285714,2654.4285714285716,5689,634.2857142857143,714.4285714285714,2062.4285714285716,1105.142857142857,491,3062,9990.57142857143,463.14285714285717,60.142857142857146,179.57142857142858,337.7142857142857,49.42857142857143,54.714285714285715,156.57142857142858,277.14285714285717,351.14285714285717,341.2857142857143
2020-03-27,92.42857142857143,97.14285714285714,1812.5714285714287,111.85714285714286,91.85714285714286,1469.4285714285713,5639.571428571428,4431.857142857143,2949.1428571428573,6472.714285714285,718.1428571428571,806.2857142857143,2346.8571428571427,1090.5714285714287,762.7142857142857,3396.4285714285716,11828.142857142857,534.1428571428571,73.42857142857143,204,374.85714285714283,57.285714285714285,54.42857142857143,172,294.57142857142856,403.42857142857144,383.57142857142856
2020-03-28,99.14285714285714,97,2114,136.85714285714286,93.85714285714286,1640.4285714285713,5556.285714285715,5068.857142857143,3377.4285714285716,6837.285714285715,902.7142857142857,882.7142857142857,2579.4285714285716,1071.5714285714287,961.7142857142857,3729.4285714285716,13749.142857142857,614.1428571428571,85.28571428571429,235.71428571428572,411.85714285714283,50.42857142857143,58.857142857142854,203.28571428571428,312.7142857142857,423.7142857142857,424.57142857142856
2020-03-29,98.14285714285714,88.85714285714286,2381.5714285714284,166.71428571428572,89.71428571428571,1800.2857142857142,5507.285714285715,5317.428571428572,3495,7334.571428571428,1062.142857142857,959,2794.1428571428573,1050.7142857142858,1140.142857142857,3893.714285714286,15349.142857142857,687.2857142857143,96.71428571428571,248.28571428571428,387.14285714285717,69.85714285714286,67.28571428571429,222.57142857142858,275.42857142857144,456.85714285714283,407.14285714285717
2020-03-30,100,100,2635.1428571428573,199.71428571428572,107.42857142857143,1914.4285714285713,5401.714285714285,5404.142857142857,3578.1428571428573,7545.714285714285,1165.142857142857,1007.5714285714286,3076.714285714286,1018.1428571428571,1328.2857142857142,4009.8571428571427,16979.571428571428,758.5714285714286,103.85714285714286,263.42857142857144,379.2857142857143,79.28571428571429,74.42857142857143,250.57142857142858,264.2857142857143,462.14285714285717,452.57142857142856
2020-03-31,98.28571428571429,107,2827.714285714286,263.14285714285717,123,2101.8571428571427,5230.857142857143,5546,4315,8005.428571428572,1215.142857142857,1012.4285714285714,3384.1428571428573,961.1428571428571,1665.5714285714287,4201.857142857143,19230.285714285714,819.5714285714286,115.71428571428571,312.7142857142857,495.7142857142857,92.71428571428571,75.42857142857143,266.7142857142857,311.42857142857144,489.2857142857143,429.7142857142857
2020-04-01,100,107.14285714285714,2939.4285714285716,302.7142857142857,191.57142857142858,2158.714285714286,5169.714285714285,5792.714285714285,4592.714285714285,7800.428571428572,1289.5714285714287,1036.857142857143,3706.5714285714284,981.5714285714286,1892.2857142857142,4356.714285714285,21164.285714285714,901.2857142857143,129,318.2857142857143,611.7142857142857,120.42857142857143,85,277.14285714285717,369.7142857142857,499.57142857142856,428.7142857142857
2020-04-02,92.85714285714286,105,3008.8571428571427,386.85714285714283,259.42857142857144,2371.714285714286,4950.428571428572,5836.571428571428,4339.714285714285,7754.142857142857,1301.857142857143,1045.7142857142858,3964,1002.2857142857143,2072.285714285714,4499.142857142857,22931.285714285714,1034.5714285714287,132.14285714285714,328.42857142857144,722.7142857142857,119.14285714285714,95.71428571428571,307,388.85714285714283,515.4285714285714,403.14285714285717
2020-04-03,87.71428571428571,104.28571428571429,2978.714285714286,444.7142857142857,240,2560.4285714285716,4761.285714285715,5755.428571428572,4542.857142857143,7640,1355.142857142857,1024.857142857143,4211.428571428572,954,2174.714285714286,4629.285714285715,24895.85714285714,1107.857142857143,138.71428571428572,338.42857142857144,805.5714285714286,137.14285714285714,104,311.14285714285717,395.7142857142857,558.7142857142857,384.14285714285717
2020-04-04,77.71428571428571,96.85714285714286,2905,495.2857142857143,299.2857142857143,2644.5714285714284,4594.285714285715,5485.285714285715,4485,7561.857142857143,1328.142857142857,986.8571428571429,4387.142857142857,918.4285714285714,2361.714285714286,4635.714285714285,26804.285714285714,1057.4285714285713,148.85714285714286,331.42857142857144,922.2857142857143,153.57142857142858,114,334.2857142857143,383.85714285714283,603.2857142857143,345.14285714285717
2020-04-05,68.57142857142857,93.42857142857143,2845.285714285714,550.7142857142857,366.2857142857143,2831.285714285714,4465.571428571428,5432.571428571428,4386.285714285715,7362.285714285715,1265,1003.2857142857143,4495.428571428572,895.8571428571429,2550.285714285714,4678.428571428572,28052.571428571428,1353.7142857142858,164.28571428571428,348.57142857142856,982,204.14285714285714,111.85714285714286,345.7142857142857,390,631.4285714285714,319.2857142857143
2020-04-06,66.71428571428571,89,2715,643.8571428571429,503.85714285714283,3013,4401.142857142857,5212.714285714285,4310.428571428572,6959.857142857143,1273.5714285714287,1015.5714285714286,4636.714285714285,819.2857142857143,2770,4692.714285714285,29215.428571428572,1309.2857142857142,192.14285714285714,369,1083.142857142857,230.14285714285714,111.57142857142857,350.57142857142856,403.85714285714283,664.5714285714286,280.42857142857144
2020-04-07,62.714285714285715,77.85714285714286,2569.1428571428573,737.1428571428571,559.1428571428571,3043.4285714285716,4256.285714285715,5122.142857142857,3762.285714285714,6574.142857142857,1345.5714285714287,1006,4772.714285714285,806.8571428571429,2939.714285714286,4745.571428571428,29895.428571428572,1335,224.28571428571428,354.2857142857143,1188.142857142857,269.85714285714283,124.85714285714286,352.2857142857143,339.42857142857144,669.2857142857143,265.7142857142857
2020-04-08,64,71,2427.5714285714284,842.1428571428571,559.7142857142857,3062.285714285714,4121.142857142857,5060.571428571428,3615.4285714285716,6300.285714285715,1348.4285714285713,998,4799.714285714285,787.4285714285714,3221,4823.571428571428,30783,1368.7142857142858,257.57142857142856,375.57142857142856,1333.4285714285713,431.2857142857143,141.28571428571428,371.85714285714283,381.85714285714283,695.1428571428571,237.28571428571428
2020-04-09,64.42857142857143,63.857142857142854,2250.285714285714,940.4285714285714,597.4285714285714,3166.1428571428573,4054.8571428571427,4769.571428571428,3919.5714285714284,5879.571428571428,1376.4285714285713,1016.4285714285714,4796.428571428572,746.2857142857143,3449.5714285714284,4856.714285714285,31404.571428571428,1338.5714285714287,275.85714285714283,420.2857142857143,1435.4285714285713,548.8571428571429,151.71428571428572,379.42857142857144,402,710.1428571428571,206.14285714285714
2020-04-10,61.42857142857143,55.42857142857143,2144.1428571428573,1109.7142857142858,718.7142857142857,3245.714285714286,3964.285714285714,4430.285714285715,3790.8571428571427,5582,1413.857142857143,1061.142857142857,4708.714285714285,706.4285714285714,3729.714285714286,5100.428571428572,31628,1374.5714285714287,308,464,1511.7142857142858,614.5714285714286,172.28571428571428,407.42857142857144,689.5714285714286,682.5714285714286,187.14285714285714
2020-04-11,67.28571428571429,46.285714285714285,2040.857142857143,1264.7142857142858,766.2857142857143,3436.285714285714,3948.4285714285716,4116.571428571428,3623.285714285714,5265.571428571428,1369.5714285714287,1120.5714285714287,4643,657.4285714285714,4033.285714285714,5149.285714285715,31181.428571428572,1476.857142857143,332.7142857142857,486,1481,728.8571428571429,186.14285714285714,430.14285714285717,663,678.7142857142857,160
2020-04-12,76,39.285714285714285,1922.857142857143,1483,802.4285714285714,3505,3916.4285714285716,3961.5714285714284,7185.714285714285,5026.428571428572,1422.2857142857142,1113.2857142857142,4627.142857142857,616.4285714285714,4269.571428571428,5151.142857142857,31278.428571428572,1220.4285714285713,359.7142857142857,501.85714285714283,1580.2857142857142,748.2857142857143,184.42857142857142,426.7142857142857,687.1428571428571,697.4285714285714,132
2020-04-13,78.28571428571429,36.142857142857146,1829,1712.142857142857,810.7142857142857,3677.285714285714,3852.714285714286,3814,7150.142857142857,4774.857142857143,1396.4285714285713,1112,4468.428571428572,575.8571428571429,4404.571428571428,5212.285714285715,30656.85714285714,1302.4285714285713,367.85714285714283,517,1609.857142857143,1031.857142857143,181.85714285714286,422.14285714285717,675.8571428571429,710.7142857142857,114.14285714285714
2020-04-14,84,33.285714285714285,1755.4285714285713,1943.5714285714287,882.2857142857143,3937.285714285714,3843.1428571428573,3385.1428571428573,7314.571428571428,4371.285714285715,1275,1124.4285714285713,4305.857142857143,526.1428571428571,4428.857142857143,5151,30126.571428571428,1309,373.42857142857144,507,1604,1049.857142857143,171.28571428571428,435.14285714285717,688.7142857142857,759.8571428571429,103.85714285714286
2020-04-15,78.14285714285714,29.571428571428573,1686.142857142857,2259.714285714286,915.1428571428571,4215.142857142857,3676.1428571428573,3065.285714285714,7218.285714285715,4203.428571428572,1452.857142857143,1090.5714285714287,4296.857142857143,436.57142857142856,4452.285714285715,5191.857142857143,29755.428571428572,1295.4285714285713,380.85714285714283,528.2857142857143,1735.7142857142858,1019,150.14285714285714,424.57142857142856,636.7142857142857,786.2857142857143,86.71428571428571
2020-04-16,74.28571428571429,27.142857142857142,1682.142857142857,2543.8571428571427,957.8571428571429,4344.714285714285,3616.4285714285716,2788.1428571428573,8387,4532.285714285715,1403.7142857142858,1068.5714285714287,4359.285714285715,383,4558.714285714285,5235,29261.428571428572,1450.7142857142858,408,494,1761.857142857143,1033.5714285714287,144.28571428571428,440,621.1428571428571,843.2857142857143,74.71428571428571
2020-04-17,117,26.428571428571427,1614.5714285714287,2870.1428571428573,964.8571428571429,4632.571428571428,3551,2746.5714285714284,8049.428571428572,4652.285714285715,1353,1052.857142857143,4448.285714285715,361,4502.428571428572,4938.571428571428,29150.428571428572,1536.4285714285713,433,508,2006.2857142857142,1084.5714285714287,138,428,332.57142857142856,944.5714285714286,62.714285714285715
2020-04-18,110.42857142857143,24.714285714285715,1548.4285714285713,3315.5714285714284,1039.4285714285713,4841.428571428572,3379.1428571428573,2633.4285714285716,7603.285714285715,4099.857142857143,1309.2857142857142,1027.857142857143,4608.714285714285,328.14285714285717,4308.857142857143,4972.857142857143,28909.714285714286,1577.142857142857,468.2857142857143,518,2275.8571428571427,1081.7142857142858,130.28571428571428,461.7142857142857,417.57142857142856,1025.5714285714287,54.42857142857143
2020-04-19,95.85714285714286,21.285714285714285,1503.5714285714287,3869,1201.4285714285713,4959.428571428572,3229.8571428571427,2475.714285714286,4471.285714285715,4549,1264.142857142857,1013.1428571428571,4654.571428571428,332.14285714285717,4192.857142857143,5006.142857142857,28550.428571428572,1619.142857142857,514.2857142857143,511.42857142857144,2351.714285714286,1158.4285714285713,145.14285714285714,472,447.85714285714283,1073.857142857143,57.42857142857143
2020-04-20,86.28571428571429,19.571428571428573,1457.4285714285713,4113.285714285715,1155.142857142857,5319,3101.714285714286,2427.5714285714284,4285.571428571428,4301.571428571428,1342,982.5714285714286,4749,322.2857142857143,4275.857142857143,4930.285714285715,28843.285714285714,1711.142857142857,536.8571428571429,536.5714285714286,2473.285714285714,934.4285714285714,160.71428571428572,487.2857142857143,538.1428571428571,1136.857142857143,52.857142857142854
2020-04-21,78.14285714285714,17,1417.857142857143,4523,1227.5714285714287,5518.428571428572,3067,2418.8571428571427,3971.8571428571427,4519.571428571428,1405.2857142857142,962.4285714285714,4810,303.85714285714283,4354.285714285715,4897.142857142857,28634.285714285714,1766.7142857142858,586,549.1428571428571,2545.285714285714,1076.2857142857142,167.14285714285714,477.7142857142857,572.8571428571429,1141.857142857143,45.142857142857146
2020-04-22,73.14285714285714,14.714285714285714,1372.4285714285713,4787,1292.5714285714287,5822,3167.4285714285716,2270.714285714286,3199.285714285714,4392.142857142857,1188,959.4285714285714,4867.857142857143,276,4183.142857142857,4877.857142857143,28492.571428571428,1922,671,545.7142857142857,2491,1110.7142857142858,178.71428571428572,493.14285714285717,588.1428571428571,1200.7142857142858,40.714285714285715
2020-04-23,68.71428571428571,13.571428571428571,1290.142857142857,4976.428571428572,1378.142857142857,6138.857142857143,3004.5714285714284,2204.4285714285716,1746.857142857143,4010.8571428571427,1141.142857142857,934,4842.857142857143,252,3942.4285714285716,4821.142857142857,28906.428571428572,1784.2857142857142,762.2857142857143,594,2801.5714285714284,1203.2857142857142,189.71428571428572,490.57142857142856,614.4285714285714,1235.857142857143,36.714285714285715
2020-04-24,19.857142857142858,11.857142857142858,1242.857142857143,5230.571428571428,1454,6388.714285714285,2937.1428571428573,1943.142857142857,1695.4285714285713,1735.857142857143,1165,872.8571428571429,4841.571428571428,228.42857142857142,3766.5714285714284,4829.714285714285,29416,1729.2857142857142,856.7142857142857,572.7142857142857,2908.714285714286,1165.5714285714287,206,497.57142857142856,2250.4285714285716,1273.142857142857,29.857142857142858
2020-04-25,17.428571428571427,10.714285714285714,1208.5714285714287,5399.285714285715,1508.7142857142858,6491.142857142857,2775.1428571428573,1881.5714285714287,1936.857142857143,2025.5714285714287,1163.142857142857,802.5714285714286,4702.714285714285,212.85714285714286,3634.8571428571427,4753.857142857143,30070.285714285714,1716.4285714285713,906.4285714285714,572.5714285714286,3238,1558.7142857142858,217.28571428571428,562.7142857142857,2186.285714285714,1278.7142857142858,25.142857142857142
2020-04-26,15.285714285714286,11,1181.4285714285713,5442.285714285715,1467.857142857143,6705.285714285715,2671.8571428571427,1798,1315.5714285714287,1280,1091.142857142857,743.1428571428571,4647.428571428572,188.71428571428572,3403.4285714285716,4775.571428571428,30306.14285714286,1771.4285714285713,916.5714285714286,581.2857142857143,3492.285714285714,1698.4285714285713,226.71428571428572,579.1428571428571,2130.4285714285716,1321.2857142857142,20.571428571428573
2020-04-27,14.428571428571429,11.142857142857142,1138.142857142857,5718,1558.857142857143,6617.714285714285,2598,1670.4285714285713,1510,1322.142857142857,957.7142857142857,693.1428571428571,4624.285714285715,174.28571428571428,3040.1428571428573,4750.142857142857,29609.571428571428,1708.2857142857142,965.2857142857143,563.7142857142857,3814.714285714286,1767.7142857142858,231.42857142857142,588.1428571428571,2116.1428571428573,1342.2857142857142,18.714285714285715
2020-04-28,12.428571428571429,11.142857142857142,1111.7142857142858,5827.857142857143,1606.2857142857142,6672.428571428572,2506.8571428571427,1660.142857142857,1555,942.1428571428571,911.1428571428571,613.5714285714286,4617.428571428572,171.57142857142858,2723.1428571428573,4706.857142857143,29457.14285714286,1678.2857142857142,1035.857142857143,546.7142857142857,4308,1907.5714285714287,257.14285714285717,620.5714285714286,2225.285714285714,1431.142857142857,18.428571428571427
2020-04-29,10.857142857142858,10.142857142857142,1094.4285714285713,5914.285714285715,1670.2857142857142,6712.428571428572,2323.4285714285716,1555.857142857143,1509,646.8571428571429,852.8571428571429,566.5714285714286,4609.571428571428,162.71428571428572,2702.1428571428573,4639.857142857143,29373.714285714286,1600.2857142857142,1036.4285714285713,576.8571428571429,4846.857142857143,2097.285714285714,264.42857142857144,628.5714285714286,2232.714285714286,1515.7142857142858,17.857142857142858
2020-04-30,10.285714285714286,9.428571428571429,1087.7142857142858,6246.428571428572,1683.7142857142858,6815.142857142857,2212.8571428571427,1411.4285714285713,1285.142857142857,58.714285714285715,817.4285714285714,513,4580.428571428572,155.71428571428572,2630.5714285714284,4534.857142857143,28721.428571428572,1594,1084.4285714285713,558.1428571428571,5307.285714285715,2294.5714285714284,278,717.4285714285714,2197.4285714285716,1598.2857142857142,18.142857142857142
2020-05-01,8.571428571428571,8.857142857142858,1064.5714285714287,6544.142857142857,1818.142857142857,6860,2062,1296.857142857143,1050.4285714285713,1746.5714285714287,677,465.7142857142857,4544.571428571428,146.85714285714286,2497.1428571428573,4317.428571428572,28417.285714285714,1632,1123.857142857143,567.1428571428571,5451.285714285715,2687.285714285714,303.57142857142856,787.5714285714286,740.8571428571429,1606.5714285714287,17.857142857142858
2020-05-02,7.142857142857143,9.285714285714286,1017.1428571428571,7066.571428571428,1916.5714285714287,6942.428571428572,1996.7142857142858,1207.7142857142858,982,1525.2857142857142,598.8571428571429,435.7142857142857,4468.285714285715,131.85714285714286,2371.714285714286,4154.428571428572,27885,1650.7142857142858,1178,639.4285714285714,5396.571428571428,2457.5714285714284,306.14285714285717,953.7142857142857,925.7142857142857,1740.2857142857142,17.428571428571427
2020-05-03,7.428571428571429,9,991.8571428571429,7676.857142857143,2087.8571428571427,7051,1863.142857142857,1127.7142857142858,957.8571428571429,1404.5714285714287,538.8571428571429,389.85714285714283,4397.428571428572,120.57142857142857,2273.5714285714284,3961.285714285714,27584.714285714286,1781.5714285714287,1256.2857142857142,632.4285714285714,5532.285714285715,2630.1428571428573,327,1061.5714285714287,1230.2857142857142,1745.7142857142858,18
2020-05-04,6.857142857142857,7.428571428571429,1025,8303,2426.5714285714284,7206,1789.142857142857,1056.2857142857142,517.1428571428571,1220.857142857143,511.42857142857144,361.14285714285717,4208.714285714285,116.71428571428571,2199.714285714286,3948.4285714285716,27586.14285714286,1763,1339.4285714285713,648.2857142857143,5882,2667.5714285714284,339.42857142857144,1132.7142857142858,1494.5714285714287,1932,20
2020-05-05,4,6.428571428571429,1055.142857142857,8830.285714285714,2582.285714285714,7573.857142857143,1644,1013.5714285714286,233.42857142857142,1222.2857142857142,453.57142857142856,382,4060.4285714285716,106.42857142857143,2119.714285714286,3892,27536.14285714286,1723.5714285714287,1324.7142857142858,723.2857142857143,6031.428571428572,2857,380.57142857142856,1250,1364.7142857142858,1988.857142857143,20.714285714285715
2020-05-06,3.7142857142857144,6.428571428571429,1141.857142857143,9504.285714285714,2846.4285714285716,7665.571428571428,1552.2857142857142,946.1428571428571,1097.2857142857142,1058.2857142857142,417.42857142857144,360,3829.8571428571427,93.28571428571429,2022.142857142857,3842.4285714285716,27212.714285714286,1689.857142857143,1405,734.2857142857143,6703.714285714285,2983.714285714286,393.14285714285717,1323.142857142857,1316,2065.4285714285716,22.142857142857142
2020-05-07,2.7142857142857144,6.857142857142857,1213.5714285714287,10094.57142857143,3069.714285714286,7829,1485,917.2857142857143,1088.4285714285713,1144.5714285714287,414.42857142857144,351.57142857142856,3659.4285714285716,77.14285714285714,1931,3785.4285714285716,26963.14285714286,1677.7142857142858,1484.5714285714287,758.8571428571429,6940.857142857143,3078.5714285714284,421.2857142857143,1379.5714285714287,1073.857142857143,2131,22.571428571428573
2020-05-08,2.4285714285714284,8.571428571428571,1292.142857142857,10489.714285714286,3205.4285714285716,8182,1393.857142857143,930.1428571428571,1271,1091.5714285714287,425.57142857142856,329,3419.714285714286,71.71428571428571,1882.4285714285713,3865.4285714285716,25965.428571428572,1618.7142857142858,1540.4285714285713,766.8571428571429,7813.142857142857,3055.4285714285716,435,1437.5714285714287,705.5714285714286,2428.4285714285716,21
2020-05-09,4.428571428571429,11.571428571428571,1396,10660.285714285714,3301.285714285714,8518.142857142857,1277.142857142857,908.1428571428571,1180.5714285714287,999.4285714285714,439.85714285714283,306.7142857142857,3265.4285714285716,62,1820,3902.4285714285716,25470.85714285714,1570.2857142857142,1624.5714285714287,747.4285714285714,8423,3211.5714285714284,458.57142857142856,1570.7142857142858,586.7142857142857,2498.4285714285716,21
2020-05-10,6.571428571428571,15.428571428571429,1454.142857142857,10714.42857142857,3522.285714285714,9007.142857142857,1193.2857142857142,887.8571428571429,1167,983.4285714285714,453.57142857142856,293.85714285714283,3171.8571428571427,57.142857142857146,1801.7142857142858,3896,24639,1369.5714285714287,1650.142857142857,818,8696.142857142857,3054.1428571428573,485,1630.5714285714287,383.14285714285717,2669.1428571428573,19.428571428571427
2020-05-11,6.428571428571429,18.857142857142858,1519.857142857143,10868,3475.8571428571427,9389.714285714286,1125.142857142857,917.7142857142857,1137.7142857142858,1346.4285714285713,454.57142857142856,288.42857142857144,3201.285714285714,51.857142857142854,1730.2857142857142,3822,24125.14285714286,1329.5714285714287,1631.7142857142858,836.7142857142857,8710.57142857143,3064.285714285714,520,1661.5714285714287,87.71428571428571,2722.285714285714,19.142857142857142
2020-05-12,7.142857142857143,22.285714285714285,1542.4285714285713,10981.857142857143,3556,9559.857142857143,1171.857142857143,880.5714285714286,1094.5714285714287,1243,467.14285714285717,271,3159.285714285714,53,1712,3824.8571428571427,23840.14285714286,1314.857142857143,1757,809,8965.57142857143,2981.4285714285716,522.7142857142857,1702.2857142857142,239.71428571428572,2865.285714285714,16.285714285714285
2020-05-13,7.714285714285714,25.857142857142858,1582.142857142857,10906,3581.1428571428573,9841.714285714286,1092.4285714285713,848,565.7142857142857,1195.142857142857,457.14285714285717,270.2857142857143,3082.714285714286,50.42857142857143,1624.2857142857142,3716.714285714286,23226.14285714286,1267.7142857142858,1793.142857142857,811.8571428571429,9075.142857142857,3069.8571428571427,567.2857142857143,1934.857142857143,278.2857142857143,2920.8571428571427,14.714285714285714
2020-05-14,7.714285714285714,28,1628.2857142857142,10726.42857142857,3663.714285714286,10469,1034,721.1428571428571,582.2857142857143,1156.142857142857,409.7142857142857,243.85714285714286,2918,48.142857142857146,1575.4285714285713,3677.714285714286,23188.285714285714,1225.7142857142858,1854.142857142857,794,9627.42857142857,3154,593.4285714285714,2095.714285714286,526.2857142857143,2987.5714285714284,16.285714285714285
2020-05-15,8.857142857142858,28.142857142857142,1706.2857142857142,10712,3727,10436.857142857143,957.1428571428571,663.5714285714286,489.7142857142857,1046.5714285714287,376.14285714285717,226.85714285714286,2842.1428571428573,43.857142857142854,1555.4285714285713,3625.8571428571427,22920,1183.5714285714287,1930,833,10485.285714285714,3235.4285714285716,595,2254.4285714285716,879.2857142857143,2860.1428571428573,17.571428571428573
2020-05-16,7.714285714285714,25.142857142857142,1738.857142857143,10481,3977.1428571428573,10798,927.4285714285714,632.5714285714286,406.85714285714283,1017.1428571428571,341.85714285714283,212.71428571428572,2831,45.857142857142854,1564.5714285714287,3581.285714285714,22829.714285714286,1184,1954.857142857143,834,11064.285714285714,3360.8571428571427,634.8571428571429,2544,1050.7142857142858,2949.714285714286,15.714285714285714
2020-05-17,6.285714285714286,22.285714285714285,1799.2857142857142,10294.857142857143,4076.714285714286,11074.42857142857,909.2857142857143,641.4285714285714,371.2857142857143,906.8571428571429,314.14285714285717,195.57142857142858,2760.1428571428573,40.285714285714285,1539.7142857142858,3558.5714285714284,22721.14285714286,1177.2857142857142,2028.142857142857,778,11197.285714285714,3566.5714285714284,644.4285714285714,2644.8571428571427,1061.2857142857142,2984.8571428571427,15.428571428571429
2020-05-18,7.428571428571429,20.285714285714285,1886.5714285714287,9904.857142857143,4222.857142857143,11442,867.4285714285714,567.8571428571429,357.7142857142857,595.7142857142857,301.42857142857144,193.42857142857142,2615.5714285714284,36.142857142857146,1546,3519.285714285714,23134.14285714286,1163.857142857143,2186.5714285714284,810.1428571428571,12253.42857142857,3730.1428571428573,668.8571428571429,2799.285714285714,1128.5714285714287,3079.4285714285716,14.285714285714286
2020-05-19,6.428571428571429,21.142857142857142,1976.5714285714287,9671.142857142857,4597.571428571428,11778.285714285714,783.2857142857143,658.1428571428571,369.14285714285717,572.4285714285714,287.42857142857144,180.85714285714286,2567.4285714285716,34,1448.5714285714287,3419.714285714286,22885.428571428572,1153.4285714285713,2288.8571428571427,921.7142857142857,13381.57142857143,3917.714285714286,666.1428571428571,3065.285714285714,1135.2857142857142,3094.8571428571427,14
2020-05-20,5.571428571428571,18.714285714285715,2032,9490.57142857143,4853.285714285715,12330.285714285714,751.4285714285714,625,502.2857142857143,552,286,176.71428571428572,2483.4285714285716,35,1353.2857142857142,3434.4285714285716,23292.428571428572,1143.857142857143,2344,894.8571428571429,14491.714285714286,3959.1428571428573,679.5714285714286,3262.1428571428573,1296.7142857142858,3194,14
2020-05-21,4.857142857142857,17.714285714285715,2115.4285714285716,9329.857142857143,5175.571428571428,12531.857142857143,701.4285714285714,649,422.42857142857144,499.57142857142856,278.14285714285717,174.28571428571428,2474.285714285714,33,1257,3375.285714285714,22969.285714285714,1137.2857142857142,2424.5714285714284,948.8571428571429,15274.57142857143,4023.5714285714284,674.2857142857143,3448.5714285714284,1423.5714285714287,3439.714285714286,11.714285714285714
2020-05-22,6.142857142857143,18.285714285714285,2145.285714285714,9086.42857142857,5572.857142857143,13170.57142857143,681.8571428571429,639.5714285714286,389.14285714285717,663,266.7142857142857,172.57142857142858,2405.714285714286,27.571428571428573,1149,3352.1428571428573,22803.714285714286,1141.142857142857,2499.285714285714,974.4285714285714,15799.857142857143,3886.1428571428573,702.1428571428571,3702,1447.142857142857,3610.1428571428573,10
2020-05-23,5.714285714285714,20,2161.285714285714,9119.857142857143,5825,13598.142857142857,652.4285714285714,604.8571428571429,437.7142857142857,656,260.14285714285717,170.71428571428572,2325.1428571428573,21.857142857142858,1088.4285714285713,3299.1428571428573,22335.428571428572,1135,2673.1428571428573,1019.4285714285714,16269.57142857143,3887.5714285714284,748.2857142857143,4324.428571428572,1393.142857142857,3690.5714285714284,10.714285714285714
2020-05-24,5.857142857142857,20.142857142857142,2214.714285714286,8961.285714285714,6119.714285714285,13723.42857142857,631.8571428571429,565.5714285714286,430.85714285714283,724.8571428571429,258.85714285714283,177.42857142857142,2257.8571428571427,21.285714285714285,1056,3251.4285714285716,22593.85714285714,1110.5714285714287,2771.5714285714284,1169.857142857143,17447.285714285714,3955.1428571428573,800.1428571428571,4518.142857142857,1495.2857142857142,3849.8571428571427,9.285714285714286
2020-05-25,5.571428571428571,21,2176,8964.142857142857,6374.571428571428,13675,610.2857142857143,578.4285714285714,430.85714285714283,542,254.71428571428572,186.57142857142858,2120.1428571428573,21.285714285714285,1031.5714285714287,3233.4285714285716,22197,1101.142857142857,2781.714285714286,1212.857142857143,17075.714285714286,4149.428571428572,812.2857142857143,4892,1589.4285714285713,3903.4285714285716,9
2020-05-26,5.714285714285714,22.142857142857142,2129.714285714286,8914.42857142857,6331.142857142857,13518.57142857143,550.8571428571429,488.85714285714283,273.42857142857144,603.1428571428571,237.71428571428572,190.14285714285714,1920.2857142857142,20.428571428571427,1021,3252.285714285714,21973.285714285714,1085.2857142857142,2887.714285714286,1254.2857142857142,17048.14285714286,4324,866.8571428571429,4955.428571428572,1550.4285714285713,3959.5714285714284,9.714285714285714
2020-05-27,6.142857142857143,31.714285714285715,2091.714285714286,8853.57142857143,6579.714285714285,13479.42857142857,539.2857142857143,435.85714285714283,191.14285714285714,529.1428571428571,229.85714285714286,189,1791.2857142857142,16.857142857142858,1030,3210.285714285714,21184,1059.142857142857,3061.285714285714,1362.2857142857142,17177.428571428572,4555,916.7142857142857,4996.857142857143,1613.142857142857,4191.428571428572,10
2020-05-28,6.142857142857143,37.142857142857146,2072.5714285714284,8785.285714285714,6737.142857142857,13539.57142857143,532.2857142857143,453.57142857142856,630.4285714285714,695.5714285714286,230.57142857142858,178.85714285714286,1674.4285714285713,14.571428571428571,1061.5714285714287,3184.1428571428573,20821.14285714286,1033.4285714285713,3119,1378.7142857142858,18307.285714285714,4715.714285714285,1005.1428571428571,5095.428571428572,1675.5714285714287,4193.142857142857,10
2020-05-29,6,39.42857142857143,2145.1428571428573,8739.285714285714,6956.714285714285,13881,512.8571428571429,458.85714285714283,652.7142857142857,534.2857142857143,221.42857142857142,177.14285714285714,1598.2857142857142,17.285714285714285,1088.5714285714287,3167.8571428571427,20873,994.5714285714286,3157.1428571428573,1428.142857142857,19182.285714285714,5226.714285714285,1079.5714285714287,5012.428571428572,1608.142857142857,4441.571428571428,12.142857142857142
2020-05-30,6.285714285714286,39.714285714285715,2204.1428571428573,8670.42857142857,7200.571428571428,14067.285714285714,476.7142857142857,457.57142857142856,865.4285714285714,562.5714285714286,196.57142857142858,170.71428571428572,1541,17.142857142857142,1059.5714285714287,3187.1428571428573,21248.285714285714,932.8571428571429,3093.714285714286,1507.142857142857,21577.428571428572,5702.428571428572,1151.2857142857142,5490.428571428572,1642.857142857143,4774.142857142857,11.142857142857142
2020-05-31,7.285714285714286,42.42857142857143,2252.1428571428573,8766,7439,14578.57142857143,448.42857142857144,440.2857142857143,900,529.5714285714286,184.14285714285714,172.57142857142858,1500.2857142857142,18,1016.4285714285714,3190,21119.285714285714,910.4285714285714,3149.1428571428573,1507.5714285714287,21662.571428571428,6359.571428571428,1172.5714285714287,5650.571428571428,1633.4285714285713,4932.142857142857,12.571428571428571
2020-06-01,7.428571428571429,45.142857142857146,2388.714285714286,8700.142857142857,7631.428571428572,15147.142857142857,434.14285714285717,427.7142857142857,897.2857142857143,605.4285714285714,167.85714285714286,157.42857142857142,1476.142857142857,17.857142857142858,993.5714285714286,3255.8571428571427,20885.571428571428,881.2857142857143,3190,1508.7142857142858,21649.85714285714,6580,1216,5732.714285714285,1586.2857142857142,5154.285714285715,13.571428571428571
2020-06-02,8.285714285714286,46.42857142857143,2578.714285714286,8692,8056.857142857143,16039.714285714286,422.85714285714283,382.7142857142857,819.2857142857143,524.7142857142857,165.71428571428572,153.14285714285714,1449.142857142857,16.142857142857142,970.4285714285714,3243.285714285714,21173,838.5714285714286,3252.285714285714,1461.857142857143,23451.571428571428,6916.285714285715,1261.4285714285713,5670.428571428572,1834.857142857143,5339.142857142857,12.857142857142858
2020-06-03,7.714285714285714,40.714285714285715,2729.285714285714,8719.285714285714,8391.142857142857,16938.571428571428,385.2857142857143,371,842.2857142857143,581,156.14285714285714,138.42857142857142,1383.4285714285713,16.714285714285715,946.4285714285714,3476.1428571428573,21412.428571428572,807.4285714285714,3316.4285714285716,1478,24599.285714285714,6144.142857142857,1321.4285714285713,5758.142857142857,1866.142857142857,5318.142857142857,12.857142857142858
2020-06-04,9.285714285714286,38,2917.285714285714,8783.857142857143,8761,17329.571428571428,325.85714285714283,325.14285714285717,476.7142857142857,393.42857142857144,131.14285714285714,142.28571428571428,1312.2857142857142,16.714285714285715,918.7142857142857,3565.4285714285716,21203.285714285714,756.1428571428571,3468.5714285714284,1531.7142857142858,25243.285714285714,5917,1393.4285714285713,5759.571428571428,1841.5714285714287,5653.285714285715,11.714285714285714
2020-06-05,7.714285714285714,39.714285714285715,2926.8571428571427,8804.714285714286,8956.142857142857,17735,326.14285714285717,286,484.14285714285717,344.85714285714283,120.85714285714286,147.14285714285714,1255.4285714285713,15.428571428571429,888.5714285714286,3649,21306.14285714286,719.7142857142857,3628.4285714285716,1521.5714285714287,25800.714285714286,5587.857142857143,1421,5832.714285714285,1952,5817.428571428572,9.714285714285714
2020-06-06,8.285714285714286,44,2925,8789.57142857143,9256.42857142857,18434.285714285714,305.2857142857143,323,305.57142857142856,297.42857142857144,126.57142857142857,154.42857142857142,1210.7142857142858,15.857142857142858,873.5714285714286,3784,21060.714285714286,684.8571428571429,3729.5714285714284,1553.857142857143,24915.14285714286,5155.285714285715,1398.7142857142858,5947.285714285715,2117.714285714286,5868.571428571428,9.571428571428571
2020-06-07,6.428571428571429,44.42857142857143,2903.285714285714,8747.142857142857,9553.857142857143,18912.714285714286,285.85714285714283,334.2857142857143,317.85714285714283,295.85714285714283,120.71428571428571,162.14285714285714,1160.4285714285713,14.714285714285714,884.2857142857143,3917.285714285714,20749.428571428572,671.2857142857143,3777,1551.857142857143,25272.714285714286,4577,1407.5714285714287,6172.285714285715,2109.1428571428573,5979.857142857143,9
2020-06-08,5.857142857142857,44.42857142857143,2769.5714285714284,8816.42857142857,9651.142857142857,19380.85714285714,297.2857142857143,359.2857142857143,299.57142857142856,297,118.71428571428571,170.85714285714286,1110.4285714285713,14.428571428571429,907.4285714285714,3944,20758,641.5714285714286,3809.5714285714284,1630,25852.14285714286,4236.714285714285,1460.857142857143,6061.714285714285,2138.4285714285716,6134,6.571428571428571
2020-06-09,5.285714285714286,44.57142857142857,2623.5714285714284,8777.714285714286,9850.714285714286,19776.14285714286,292.2857142857143,375.2857142857143,466.7142857142857,290.57142857142856,117.42857142857143,179.57142857142858,1066,16.285714285714285,937,4021,20362.571428571428,611.5714285714286,3853.5714285714284,1744.5714285714287,26302.85714285714,3653,1463.5714285714287,6116.714285714285,2098.714285714286,6359.714285714285,6.428571428571429
2020-06-10,7,45.42857142857143,2463.1428571428573,8758.285714285714,9968.714285714286,20247.285714285714,275.2857142857143,343,494.2857142857143,279.14285714285717,126.28571428571429,193.57142857142858,1042.7142857142858,16.857142857142858,944.8571428571429,3843.1428571428573,20482,582.7142857142857,3992.285714285714,1830.5714285714287,26914.285714285714,4272.714285714285,1475.4285714285713,6224.571428571428,2120.8571428571427,6542.142857142857,6.428571428571429
2020-06-11,6.428571428571429,47.857142857142854,2269.4285714285716,8751.714285714286,10117.42857142857,21086.85714285714,304.14285714285717,317,445.42857142857144,292.42857142857144,134.85714285714286,187.14285714285714,1009.7142857142857,18.714285714285715,944.7142857142857,3931.4285714285716,20710.428571428572,555.7142857142857,4042,1938.142857142857,26841,4512.857142857143,1441.7142857142858,6363.428571428572,2221,6569.571428571428,6
2020-06-12,7.285714285714286,47.42857142857143,2195.5714285714284,8786.42857142857,10401.285714285714,20816.85714285714,253.42857142857142,328.85714285714283,462,318.7142857142857,130.28571428571428,187.14285714285714,1001.7142857142857,18.142857142857142,982.5714285714286,3999.1428571428573,20725.571428571428,521.1428571428571,4167.142857142857,2056.4285714285716,26148.428571428572,3912.5714285714284,1460.4285714285713,6727.285714285715,2449.714285714286,6688.857142857143,6
2020-06-13,14.285714285714286,44.142857142857146,2218.5714285714284,8765.142857142857,10614.285714285714,21123.285714285714,264.2857142857143,259.57142857142856,454.42857142857144,327.85714285714283,120.85714285714286,186.57142857142858,1015.1428571428571,19.714285714285715,1065.5714285714287,4036.4285714285716,21129,509.7142857142857,4153,2146.8571428571427,25381.14285714286,4141.571428571428,1531.2857142857142,5897.571428571428,2464.1428571428573,6886.428571428572,8.714285714285714
2020-06-14,20.571428571428573,43.857142857142854,2234,8742,10705.42857142857,22396.285714285714,284.42857142857144,252.57142857142858,463.57142857142856,339.7142857142857,114.71428571428571,172.85714285714286,1027.857142857143,21.714285714285715,1158.142857142857,4006,21428,460.85714285714283,4247.714285714285,2290.8571428571427,25123.714285714286,4745.857142857143,1671.857142857143,5973.714285714285,2583.5714285714284,7268.714285714285,10
2020-06-15,26.142857142857142,43.285714285714285,2292,8634.42857142857,11023.285714285714,22799.571428571428,287.42857142857144,224.71428571428572,455.14285714285717,341.7142857142857,107.42857142857143,172.85714285714286,1018.8571428571429,22.714285714285715,1244.2857142857142,4067.5714285714284,21748.714285714286,426.2857142857143,4308.857142857143,2239.285714285714,25837,4756.571428571428,1763.4285714285713,6037.571428571428,2726.8571428571427,7640.285714285715,11.714285714285714
2020-06-16,32,42.285714285714285,2358.8571428571427,8585,11131.285714285714,23206,277,249.42857142857142,446.57142857142856,337.42857142857144,102.57142857142857,169.42857142857142,1008,23.714285714285715,1312,4145.142857142857,22545.571428571428,406.57142857142856,4366,2295.714285714286,26240.85714285714,4774.285714285715,1836.142857142857,6194.714285714285,2774.285714285714,7794.714285714285,14
2020-06-17,35.57142857142857,44.285714285714285,2444.714285714286,8503.714285714286,11477.285714285714,23346.285714285714,295,297.42857142857144,434.14285714285717,343.2857142857143,96.42857142857143,159.71428571428572,981.2857142857143,25.142857142857142,1384.4285714285713,4305.285714285715,23226.285714285714,395.85714285714283,4372.714285714285,2360.4285714285716,26137.285714285714,4583.571428571428,1909.142857142857,5652.285714285715,2844.714285714286,8079.428571428572,15.571428571428571
2020-06-18,39.714285714285715,43.285714285714285,2498.714285714286,8360.142857142857,11856.714285714286,23312.714285714286,288.14285714285717,446.57142857142856,440.14285714285717,365.85714285714283,91,152.71428571428572,983.1428571428571,22.285714285714285,1429.7142857142858,4348,23920.428571428572,388.2857142857143,4497.285714285715,2431.5714285714284,25044.85714285714,4228.571428571428,2143.5714285714284,5486.428571428572,3005.714285714286,8139.571428571428,17.571428571428573
2020-06-19,38,46,2533.8571428571427,8218.714285714286,12293.57142857143,24272.85714285714,243.71428571428572,439,452.14285714285717,338,93.85714285714286,138,973.1428571428571,24.571428571428573,1432.4285714285713,4513.142857142857,24799,388.42857142857144,4469.857142857143,2512,29157.571428571428,4733.857142857143,2345.4285714285716,5420.142857142857,3034.5714285714284,8410.142857142857,17.428571428571427
2020-06-20,38.142857142857146,48,2518.4285714285716,8100.571428571428,12789.857142857143,24247.285714285714,232,486.14285714285717,468.57142857142856,333.2857142857143,90.28571428571429,123.28571428571429,941.4285714285714,21.285714285714285,1402.2857142857142,4419,25826.571428571428,388.42857142857144,4644.571428571428,2601.5714285714284,31009.285714285714,4369.857142857143,2412.4285714285716,5016.285714285715,3012.714285714286,8821.57142857143,21.142857142857142
2020-06-21,33.857142857142854,45.285714285714285,2503.5714285714284,7944.571428571428,13265.42857142857,23100.285714285714,215.71428571428572,536.2857142857143,451,334.85714285714283,74.42857142857143,115.85714285714286,915.2857142857143,25,1349.4285714285713,4340.571428571428,26771.571428571428,382,4815.428571428572,2617.8571428571427,30816.714285714286,3600,2530.4285714285716,4826.142857142857,3173.4285714285716,8885.285714285714,21.142857142857142
2020-06-22,35.142857142857146,47,2521.285714285714,7854.428571428572,13874.857142857143,22970.714285714286,204.28571428571428,583.7142857142857,482.57142857142856,342.14285714285717,64.28571428571429,101.57142857142857,895.4285714285714,25.571428571428573,1295.142857142857,4239.857142857143,28325.285714285714,379.2857142857143,4979.714285714285,2835.714285714286,31171.285714285714,3493.5714285714284,2588.5714285714284,4749.714285714285,3305.1428571428573,8819.142857142857,22.142857142857142
2020-06-23,33,48.142857142857146,2504.4285714285716,7736.142857142857,14588.285714285714,22832.14285714286,190.42857142857142,604,507.2857142857143,346.2857142857143,93.57142857142857,90.71428571428571,866.7142857142857,25.428571428571427,1266.7142857142858,4377.285714285715,29965.714285714286,382.85714285714283,5221,2935.1428571428573,31816.714285714286,3379.1428571428573,2663,4577,3508.5714285714284,9026.857142857143,23.142857142857142
2020-06-24,30.714285714285715,43.714285714285715,2492.8571428571427,7642,15165.57142857143,22650.285714285714,226,609.5714285714286,453.42857142857144,343.2857142857143,93.42857142857143,85.71428571428571,835,27,1275.7142857142858,4393.571428571428,31305.14285714286,370.85714285714283,5293.428571428572,2958.1428571428573,33322,3397.285714285714,2866.714285714286,4826.857142857143,3663,9410.285714285714,25.857142857142858
2020-06-25,29.571428571428573,42.285714285714285,2492.714285714286,7546.714285714285,15695.57142857143,22549,221,507.7142857142857,386.7142857142857,316.85714285714283,94.14285714285714,85,788.8571428571429,32.57142857142857,1297.7142857142858,4436.714285714285,33028.57142857143,369.42857142857144,5356.571428571428,3075.285714285714,35710.28571428572,3459.1428571428573,2911.714285714286,4851.571428571428,3930.5714285714284,10022,28.714285714285715
2020-06-26,33,40,2494.5714285714284,7377.714285714285,16272.142857142857,22420.714285714286,278.57142857142856,533.8571428571429,497.7142857142857,332.85714285714283,90,82.71428571428571,739.5714285714286,35.857142857142854,1323.7142857142858,4353.285714285715,34996.42857142857,330.7142857142857,5415.285714285715,3076,34580.142857142855,3491.285714285714,3023.714285714286,4566.714285714285,4086.1428571428573,10258.857142857143,29.428571428571427
2020-06-27,27.142857142857142,42,2513.714285714286,7231,16915.428571428572,22356.85714285714,265.85714285714283,541.1428571428571,406.14285714285717,361.57142857142856,94.14285714285714,81.71428571428571,735,44.57142857142857,1341.4285714285713,4318,36418.71428571428,302.2857142857143,5371.428571428572,3123.714285714286,35155.42857142857,3521.5714285714284,3279.714285714286,4431.142857142857,4392.428571428572,10402.857142857143,34.714285714285715
2020-06-28,26.428571428571427,45.57142857142857,2531,7097.714285714285,17576.571428571428,22662.14285714286,258.7142857142857,488.7142857142857,262.85714285714283,356.85714285714283,106.42857142857143,79.14285714285714,704,46.42857142857143,1364.857142857143,4355.857142857143,38299.57142857143,302.14285714285717,5186.714285714285,3260.5714285714284,37257.42857142857,3497.5714285714284,3302.4285714285716,4232.428571428572,4472.142857142857,10598.714285714286,44
2020-06-29,22.285714285714285,45.142857142857146,2525.714285714286,6968.714285714285,18089.285714285714,22684.714285714286,245.14285714285714,467.7142857142857,501.85714285714283,352.2857142857143,115.85714285714286,81,665.1428571428571,48.857142857142854,1388,4747.285714285715,39766.42857142857,344.57142857142856,5076.428571428572,3301.285714285714,37389.28571428572,3559.714285714286,3408.5714285714284,4148,4505.714285714285,10902.142857142857,51
2020-06-30,18.857142857142858,45,2527.4285714285716,6864.428571428572,18471.14285714286,22907.14285714286,249.28571428571428,419.7142857142857,505.2857142857143,359.85714285714283,88.14285714285714,79,596.8571428571429,54.57142857142857,1391.5714285714287,4592.428571428572,41274.71428571428,332.85714285714283,4954.142857142857,3384.8571428571427,36590.71428571428,3486.1428571428573,3467.714285714286,4089.4285714285716,4526.142857142857,11239.57142857143,59
2020-07-01,20.428571428571427,48.714285714285715,2530,6776.571428571428,18790.85714285714,25877.85714285714,192.85714285714286,431.7142857142857,624.8571428571429,367.57142857142856,87.28571428571429,76.14285714285714,494.85714285714283,67.85714285714286,1348.7142857142858,4536.714285714285,43594.57142857143,314.42857142857144,4989,3566,37160.28571428572,3398.285714285714,3556.5714285714284,3946.714285714286,4770.428571428572,11554.57142857143,65
2020-07-02,18.428571428571427,52.142857142857146,2538.1428571428573,6726.142857142857,19306.14285714286,26216.571428571428,179.28571428571428,428.42857142857144,719,373.85714285714283,84.42857142857143,71.57142857142857,396.14285714285717,77,1309.857142857143,4466.857142857143,45678.57142857143,311.42857142857144,5080,3635,38392,3343.1428571428573,3644.4285714285716,3639.5714285714284,4788.714285714285,11833.857142857143,68.85714285714286
2020-07-03,16.142857142857142,53.857142857142854,2529.285714285714,6715,19908.85714285714,26279.714285714286,174.71428571428572,392,575.2857142857143,377.14285714285717,88.71428571428571,69.28571428571429,376.57142857142856,87.85714285714286,1277.857142857143,4391.428571428572,46829.57142857143,333.2857142857143,5265.571428571428,3889.4285714285716,37729.57142857143,3319.285714285714,3580.4285714285716,3532.714285714286,4898.142857142857,12338.285714285714,95.28571428571429
2020-07-04,16.285714285714285,53.714285714285715,2528.285714285714,6683.571428571428,20615.14285714286,26653.85714285714,183.28571428571428,391.42857142857144,575.2857142857143,296.57142857142856,89.85714285714286,68.42857142857143,375.2857142857143,91.85714285714286,1246.7142857142858,4399.714285714285,47283.142857142855,329.57142857142856,5623.285714285715,4040.8571428571427,37619.57142857143,3298.714285714286,3542.5714285714284,3440.1428571428573,4889.428571428572,12851,109.14285714285714
2020-07-05,16.285714285714285,54.285714285714285,2538.4285714285716,6674.285714285715,21299.285714285714,27261,185.85714285714286,404.2857142857143,678,253.57142857142858,103,68.42857142857143,391.2857142857143,93,1217,4365.857142857143,48751.42857142857,314.42857142857144,5713.714285714285,4199.142857142857,36987.42857142857,3328.4285714285716,3620.1428571428573,3364.285714285714,4958.714285714285,13253.714285714286,118
2020-07-06,15.571428571428571,54.42857142857143,2549.4285714285716,6658,21832,27555.285714285714,197.57142857142858,431.7142857142857,582.1428571428571,402.7142857142857,99.57142857142857,62.42857142857143,354,94.71428571428571,1175.857142857143,4219.428571428572,49344.142857142855,283.57142857142856,5870.428571428572,4282.142857142857,36441.28571428572,3334,3605.4285714285716,3222.5714285714284,5087.142857142857,13642.42857142857,133.14285714285714
2020-07-07,18.857142857142858,56.285714285714285,2575.1428571428573,6612.285714285715,22419.428571428572,27466.285714285714,196.85714285714286,417.85714285714283,572.7142857142857,408.42857142857144,90.14285714285714,60.57142857142857,379.7142857142857,93.57142857142857,1141.5714285714287,4135.285714285715,51383.42857142857,275.14285714285717,5988.428571428572,4279,38078.28571428572,3437.8571428571427,3806.8571428571427,3089.4285714285716,5195.285714285715,14491.42857142857,139.71428571428572
2020-07-08,19.142857142857142,55.57142857142857,2595.4285714285716,6610,23236.428571428572,24795.428571428572,198.42857142857142,400.85714285714283,441.57142857142856,407.7142857142857,87.71428571428571,59.142857142857146,461.7142857142857,92.42857142857143,1120,4133.285714285715,52444.42857142857,292.2857142857143,6176.142857142857,4270.857142857143,37772.42857142857,3490.5714285714284,3804.1428571428573,3005.714285714286,5145.428571428572,14661.142857142857,152.57142857142858
2020-07-09,23.142857142857142,53,2513.5714285714284,6572.714285714285,24036.85714285714,25174,200.28571428571428,375.85714285714283,530.8571428571429,421.85714285714283,87.42857142857143,55.714285714285715,552.7142857142857,88.42857142857143,1096.857142857143,4092,53699.57142857143,287.57142857142856,6253.142857142857,4363.142857142857,36988.71428571428,3492,3980.4285714285716,3096.4285714285716,5248.571428571428,15393,189.71428571428572
2020-07-10,22,49,2470.1428571428573,6560.285714285715,24657.285714285714,25391.428571428572,207.85714285714286,364.57142857142856,541.8571428571429,480.42857142857144,90,51,555.8571428571429,84.14285714285714,1072.7142857142858,4105.714285714285,55768,288.85714285714283,6274.714285714285,4359.857142857143,37392.28571428572,3435.285714285714,4467.285714285715,3026.4285714285716,5324.285714285715,15739.142857142857,187.71428571428572
2020-07-11,30.571428571428573,46.57142857142857,2462.714285714286,6555,25193.85714285714,25088.571428571428,201.14285714285714,358.7142857142857,541.8571428571429,480.42857142857144,90.14285714285714,53.57142857142857,584.5714285714286,88.42857142857143,1053,4222,57812,280.7142857142857,6157.571428571428,4337.571428571428,37549.42857142857,3375.714285714286,4606.142857142857,2883.1428571428573,5718.285714285715,16178.714285714286,196.14285714285714
2020-07-12,35.142857142857146,48.857142857142854,2409.285714285714,6536.142857142857,25834.428571428572,24350.14285714286,207.14285714285714,342.2857142857143,541.8571428571429,480.42857142857144,98.71428571428571,57.57142857142857,603.2857142857143,87.85714285714286,1033.5714285714287,4239.714285714285,59116.857142857145,279.14285714285717,6128.857142857143,4310.714285714285,37375.142857142855,3372.5714285714284,4762.142857142857,2787,5738.857142857143,16617.714285714286,202
2020-07-13,32.57142857142857,47.285714285714285,2371.5714285714284,6527.857142857143,26726.85714285714,24443,201.57142857142858,302.2857142857143,577.5714285714286,594.8571428571429,92.71428571428571,62.57142857142857,628.7142857142857,90.14285714285714,1022.4285714285714,4125,61154.28571428572,309.85714285714283,6097.857142857143,4347.428571428572,37383.28571428572,3488.5714285714284,4856.571428571428,2728.5714285714284,5811.428571428572,16957.85714285714,215.71428571428572
2020-07-14,44.142857142857146,43.857142857142854,2355,6510.285714285715,27680.571428571428,24230.285714285714,198.28571428571428,301.85714285714283,509.7142857142857,641.2857142857143,103.28571428571429,65,722.4285714285714,92.42857142857143,1013.7142857142857,4144.285714285715,62210.857142857145,332.42857142857144,6211.142857142857,4446,36890.71428571428,3512.714285714286,5057.714285714285,2639.1428571428573,6034.714285714285,16541.14285714286,230.85714285714286
2020-07-15,42.285714285714285,45.57142857142857,2311.714285714286,6492.571428571428,28794.428571428572,24168.14285714286,193.85714285714286,313,642.2857142857143,711.5714285714286,107,73.14285714285714,708.2857142857143,92.85714285714286,1000.2857142857143,4174.428571428572,63457.57142857143,337,6090.285714285715,4680.142857142857,36226.857142857145,3548.5714285714284,5218.714285714285,2588.8571428571427,6247.714285714285,17011.714285714286,252.42857142857142
2020-07-16,47.857142857142854,47.714285714285715,2371.8571428571427,6481.714285714285,30004.285714285714,23291.571428571428,196.14285714285714,349.85714285714283,535.1428571428571,828.4285714285714,146.85714285714286,79.85714285714286,708.8571428571429,100.57142857142857,987.2857142857143,4214.857142857143,65458.71428571428,355.42857142857144,5965.428571428572,4700.285714285715,36624.57142857143,3591.1428571428573,5604.714285714285,2497.4285714285716,6393,17187,266.57142857142856
2020-07-17,58.57142857142857,48.285714285714285,2388.5714285714284,6448.285714285715,31166.85714285714,23209.714285714286,189.71428571428572,387.57142857142856,561.1428571428571,906.7142857142857,163.14285714285714,89.57142857142857,732.1428571428571,98.85714285714286,976.2857142857143,4317.571428571428,65996.85714285714,367.85714285714283,6017.714285714285,4737.714285714285,35071.57142857143,3698.714285714286,5909.142857142857,2452.1428571428573,6659.285714285715,17486.14285714286,271.2857142857143
2020-07-18,49.57142857142857,46.857142857142854,2355.5714285714284,6395.142857142857,32608.428571428572,24577.571428571428,198.42857142857142,388.14285714285717,561.1428571428571,906.7142857142857,176.71428571428572,96.14285714285714,732.5714285714286,96.42857142857143,962.2857142857143,4320.857142857143,66498.28571428571,389.2857142857143,6235,5310.428571428572,33572.857142857145,3827.1428571428573,6438.285714285715,2402.4285714285716,6514,17555.285714285714,288.42857142857144
2020-07-19,55.142857142857146,41.714285714285715,2355,6325,34278.857142857145,24850.85714285714,196.14285714285714,402.2857142857143,561.1428571428571,906.7142857142857,142.71428571428572,102.57142857142857,743.4285714285714,101.14285714285714,949.7142857142857,4403.571428571428,66902.57142857143,402.85714285714283,6353.428571428572,5379,33386.857142857145,3894.8571428571427,6690.428571428572,2269.8571428571427,6817.714285714285,17854.85714285714,300.7142857142857
2020-07-20,72.14285714285714,43.42857142857143,2364.285714285714,6237.857142857143,35512.28571428572,24247.428571428572,199.14285714285714,449.2857142857143,626.1428571428571,1269,198.14285714285714,119.14285714285714,750.4285714285714,98.28571428571429,938.7142857142857,4420.285714285715,67217.14285714286,422,6423,5362.714285714285,33382.71428571428,3936.8571428571427,7104,2196,7031.571428571428,17722.14285714286,313.7142857142857
2020-07-21,68.85714285714286,46.857142857142854,2379.1428571428573,6179,36699.57142857143,24527.714285714286,201.14285714285714,465.85714285714283,709.5714285714286,1367.857142857143,211,135,636.8571428571429,103.71428571428571,929.5714285714286,4591.714285714285,66805.28571428571,446.14285714285717,6395.571428571428,5369.285714285715,33261.42857142857,4031.4285714285716,7305.714285714285,2170,7331.142857142857,17627.85714285714,347.42857142857144
2020-07-22,94.28571428571429,46.57142857142857,2407.4285714285716,6099,38563,24186,218,483.7142857142857,719.5714285714286,1436.7142857142858,250.71428571428572,143.42857142857142,640.4285714285714,105,923.1428571428571,4676.857142857143,67317,442.42857142857144,6377,5242.571428571428,37252.28571428572,4114.142857142857,7608.428571428572,2171,7661.285714285715,17889,359.85714285714283
2020-07-23,102.57142857142857,43.857142857142854,2424.714285714286,6015.428571428572,40610.857142857145,24869.428571428572,228.85714285714286,490.14285714285717,795,1615.857142857143,229.85714285714286,152.57142857142858,659.2857142857143,101.42857142857143,920.2857142857143,4764.857142857143,66094.14285714286,464.85714285714283,6667.285714285715,5344.142857142857,39332,4215.714285714285,7595.285714285715,2151.5714285714284,7877.428571428572,17590.285714285714,341.42857142857144
2020-07-24,114.28571428571429,54.42857142857143,2440.4285714285716,5928.285714285715,42562.857142857145,24419.571428571428,231.85714285714286,511.14285714285717,836.2857142857143,1738,242.85714285714286,165,671,110.28571428571429,921.8571428571429,4794,66402.28571428571,508,6712.428571428572,5430,42434,4346.285714285715,7343,2123.5714285714284,7935.142857142857,17941.85714285714,361.85714285714283
2020-07-25,137.57142857142858,57.857142857142854,2461.8571428571427,5873.857142857143,43979.142857142855,22942,235.42857142857142,550.2857142857143,836.8571428571429,1738,288.7142857142857,167.85714285714286,662.5714285714286,115.71428571428571,922.2857142857143,4830.142857142857,66793.85714285714,513.5714285714286,6589,5098.571428571428,45664.71428571428,3780.1428571428573,7156.428571428572,2106.5714285714284,8186.428571428572,17804.571428571428,375.42857142857144
2020-07-26,152.42857142857142,57.714285714285715,2483.4285714285716,5823.142857142857,45344.28571428572,22243.428571428572,240.57142857142858,561.7142857142857,836.8571428571429,1738,331.42857142857144,189,666,117.28571428571429,922.7142857142857,4972.285714285715,65809,517.2857142857143,6613.142857142857,5209.857142857143,45814.57142857143,3195.8571428571427,7385.428571428572,2122.8571428571427,8169.428571428572,17762.85714285714,416.2857142857143
2020-07-27,165.85714285714286,55.285714285714285,2486.285714285714,5781.142857142857,46390.71428571428,22362.428571428572,237.42857142857142,541,904.1428571428571,1992.2857142857142,333.42857142857144,183.14285714285714,680.5714285714286,120.42857142857143,921,5136.428571428572,65094.28571428572,504.7142857142857,6584.714285714285,5241.857142857143,46247,4576.571428571428,7585.142857142857,2127.714285714286,8347.42857142857,17515.285714285714,417.14285714285717
2020-07-28,183.14285714285714,53.142857142857146,2492.285714285714,5717.142857142857,48370.142857142855,22150,248,570,924.2857142857143,2059.4285714285716,343.42857142857144,191.42857142857142,696,123.85714285714286,926,5181.857142857143,65285,485.42857142857144,6634.571428571428,5228.142857142857,46219.57142857143,4702.571428571428,8049.571428571428,2159.5714285714284,8356.42857142857,17486.14285714286,389.7142857142857
2020-07-29,186.71428571428572,47.285714285714285,2499.4285714285716,5659.857142857143,49023.57142857143,22367.85714285714,249.14285714285714,610,781.7142857142857,2155.714285714286,386.85714285714283,202.85714285714286,730.1428571428571,131.28571428571428,931.7142857142857,5264.285714285715,65265.857142857145,509.57142857142856,6596.428571428572,5288.428571428572,46393,4876.142857142857,8232.42857142857,2167.5714285714284,8272.142857142857,17191.428571428572,433.42857142857144
2020-07-30,206.28571428571428,46.57142857142857,2499.4285714285716,5610.428571428572,49519.71428571428,22080,260,664.8571428571429,828.8571428571429,2180.5714285714284,451.2857142857143,229.85714285714286,739.8571428571429,146,939.4285714285714,5398.285714285715,65171.28571428572,468.42857142857144,6495.285714285715,5246.285714285715,46089.57142857143,4226.714285714285,8521,2111,8491.142857142857,17070.428571428572,477.7142857142857
2020-07-31,207.57142857142858,34.857142857142854,2525.8571428571427,5566,51280.57142857143,22178.571428571428,278.14285714285717,682.2857142857143,1057.142857142857,2300.1428571428573,507.42857142857144,250.42857142857142,756.1428571428571,154,945.8571428571429,5473.857142857143,64225.142857142855,452.2857142857143,6621.714285714285,5234.714285714285,45588.42857142857,4504.428571428572,8852.42857142857,2051.8571428571427,8625.285714285714,16674,482.2857142857143
2020-08-01,206.57142857142858,30.857142857142858,2559,5508.285714285715,52155.42857142857,21765.85714285714,281.14285714285717,675.2857142857143,1056.7142857142858,2300.1428571428573,525,291,756,158.57142857142858,956.5714285714286,5550.142857142857,63088.857142857145,436.14285714285717,7022.428571428572,5157.285714285715,44766.28571428572,4504.428571428572,9340.857142857143,2009.4285714285713,8738.142857142857,16516,507.57142857142856
2020-08-02,202.14285714285714,30.571428571428573,2609.285714285714,5457.714285714285,52582.71428571428,21917.571428571428,278.85714285714283,650.4285714285714,1056.7142857142858,2300.1428571428573,546.1428571428571,304.2857142857143,755.5714285714286,162.57142857142858,965.1428571428571,5562.714285714285,62035.57142857143,425.57142857142856,6932.857142857143,4881.428571428572,44940.857142857145,7555.571428571428,9810.714285714286,1991.5714285714287,8891.57142857143,15723.42857142857,491.7142857142857
2020-08-03,188,31.428571428571427,2632.714285714286,5423,53667.42857142857,21531,277.57142857142856,714.1428571428571,692.2857142857143,2610.285714285714,555.1428571428571,337.42857142857144,791.8571428571429,162.71428571428572,976,5526.285714285715,60457.57142857143,357.42857142857144,6903.428571428572,4794.714285714285,43991.857142857145,6197.571428571428,10107,1938.5714285714287,8918.857142857143,15358.57142857143,498
2020-08-04,173.71428571428572,29.285714285714285,2644.714285714286,5386,53797.857142857145,21520.85714285714,275.85714285714283,731.5714285714286,1071.2857142857142,3172,569.4285714285714,376,809.2857142857143,162.42857142857142,993.1428571428571,5613.428571428572,59267.71428571428,398.2857142857143,6752,4827.142857142857,45532.857142857145,6412.142857142857,9656.285714285714,1880.2857142857142,9091.142857142857,14844.42857142857,560.5714285714286
2020-08-05,159.28571428571428,32.857142857142854,2653.4285714285716,5348.428571428572,54653.28571428572,21500.85714285714,289.57142857142856,795.2857142857143,1071.2857142857142,3303.714285714286,546.1428571428571,407.85714285714283,824.1428571428571,160.71428571428572,1026.857142857143,5671.142857142857,56701.142857142855,382.2857142857143,6807.285714285715,4845.142857142857,43829.71428571428,6705.857142857143,9951.285714285714,1878.2857142857142,9424.285714285714,14538.57142857143,527.2857142857143
2020-08-06,138.71428571428572,30.571428571428573,2655.285714285714,5313.428571428572,56046.857142857145,21198.14285714286,292.2857142857143,786.2857142857143,1263,3489.285714285714,572.8571428571429,459.42857142857144,840.8571428571429,155.14285714285714,1053.4285714285713,5723.142857142857,55509.57142857143,387.14285714285717,6644.428571428572,4769.285714285715,43158.57142857143,7818,10241.42857142857,1876.4285714285713,9644.857142857143,14098.285714285714,496.85714285714283
2020-08-07,132.14285714285714,32.285714285714285,2623.285714285714,5273.857142857143,56089,21324.285714285714,317,828.1428571428571,1430,3691.4285714285716,576.1428571428571,503.85714285714283,843.2857142857143,148.14285714285714,1082.4285714285713,5850.285714285715,54235.42857142857,374.57142857142856,6395.714285714285,4779.571428571428,42851,8054.714285714285,10242.285714285714,1879.7142857142858,9949.714285714286,13298.42857142857,505.85714285714283
2020-08-08,120.71428571428571,33.142857142857146,2562.8571428571427,5239,57469.57142857143,21774.571428571428,324.42857142857144,842.5714285714286,1430,3691.4285714285716,571.2857142857143,528,842.7142857142857,148.42857142857142,1107.5714285714287,5953.571428571428,53905.28571428572,375,5958.428571428572,4686.857142857143,43505,8054.714285714285,10098.42857142857,1909.2857142857142,10062.42857142857,12902,470
2020-08-09,115.42857142857143,33.857142857142854,2467.8571428571427,5205.857142857143,58768.42857142857,21622.428571428572,356.57142857142856,866.8571428571429,1434.142857142857,3691.4285714285716,614.7142857142857,564.5714285714286,895,150.42857142857142,1135.4285714285713,5934.285714285715,53813.142857142855,371.2857142857143,5890.285714285715,4651.571428571428,43106.42857142857,7024.857142857143,9975.714285714286,1903.5714285714287,10045,12856.142857142857,455
2020-08-10,115.28571428571429,33.857142857142854,2401.285714285714,5165.428571428572,58990,22424.285714285714,370.85714285714283,913.8571428571429,2021.5714285714287,3703.714285714286,615.1428571428571,610.2857142857143,877.2857142857143,156,1163.7142857142858,6063,54408.57142857143,440,6003.285714285715,4656.428571428572,43878.857142857145,7147.571428571428,9967.57142857143,1935.857142857143,10427.42857142857,12592.857142857143,441.2857142857143
2020-08-11,107.42857142857143,36.857142857142854,2343.285714285714,5132.714285714285,60197.71428571428,22200.571428571428,402.57142857142856,958.8571428571429,1539.857142857143,3399.714285714286,622.8571428571429,587.4285714285714,945.1428571428571,164.14285714285714,1178,6065,52875.42857142857,390,6080.142857142857,4642.714285714285,43958.42857142857,7112.857142857143,10782,1950.5714285714287,10569.142857142857,12317,397.57142857142856
2020-08-12,102.42857142857143,38.714285714285715,2316.5714285714284,5113.857142857143,61728.71428571428,22088.571428571428,415.7142857142857,963.7142857142857,2216,3431,641.2857142857143,709.7142857142857,964.1428571428571,177.42857142857142,1182.857142857143,6160,53360.142857142855,381.42857142857144,6040,4543.428571428572,43673.142857142855,6008,10972.142857142857,1920.7142857142858,10820.142857142857,11439.57142857143,374.57142857142856
2020-08-13,97.71428571428571,50.57142857142857,2315.285714285714,5082.142857142857,62016.57142857143,22136.285714285714,433,1034.5714285714287,1826.5714285714287,3925.5714285714284,596.4285714285714,705.8571428571429,990.4285714285714,185,1195.7142857142858,6244.142857142857,52196.57142857143,399,6151.571428571428,4604.285714285715,44666.28571428572,6163.714285714285,10870.714285714286,1909,10837.857142857143,10900.42857142857,373.14285714285717
2020-08-14,90.57142857142857,68.14285714285714,2322.5714285714284,5057.142857142857,62473,22324.571428571428,436.14285714285717,1085,2064,4064.4285714285716,618.4285714285714,715.7142857142857,1070.5714285714287,200.28571428571428,1201.5714285714287,6372.142857142857,53071,386,5994.571428571428,4566.142857142857,37714.42857142857,7488.714285714285,11129.57142857143,1898,10718.714285714286,10759.285714285714,351.57142857142856
2020-08-15,86.71428571428571,102.85714285714286,2339.714285714286,5035,62420.28571428572,22375.285714285714,476.42857142857144,1083.5714285714287,2536.714285714286,4064.4285714285716,638.2857142857143,738.8571428571429,1110.142857142857,210.42857142857142,1213.5714285714287,6503.571428571428,51890.857142857145,382.42857142857144,5973.142857142857,4576.142857142857,43526.28571428572,7488.714285714285,11402.714285714286,1839.857142857143,10844.857142857143,10415.142857142857,334.2857142857143